ttttttttt,17-06-18 20:25
uuuuuuuuu,17-06-18 20:25
oooooooooooooo,17-06-18 20:25
zzzzzzzzzzz,17-06-18 20:26
1.11E+12,17-06-18 20:27
2.22E+16,17-06-18 20:28
333333333,17-06-18 20:28
1.00E+18,17-06-18 20:29
0,17-06-18 20:29
5.56E+33,17-06-18 20:29
qqqqqqqqqqqqqqqqqqqqqqqqqqqqqqqqqqqqqqqqqqqqqqqqqqq,17-06-18 20:31
wwwwwwwwwwwwwwwwwwwwwwwwwwwwwwwwwwwwwwwwwwwwwwwwwww,17-06-18 20:31
eeeeeeeeeeeeeeeeeeeeeeeeeeeeeeeeeeeeeeeeeeeeeeeeeeee,17-06-18 20:31
JSON Message,16-06-18 19:17
JSON Message 2,16-06-18 19:17
JSON Message 2,16-06-18 19:17
JSON Message 3,16-06-18 19:17
JSON Message 4,16-06-18 19:17
JSON Message 5,16-06-18 00:00
